{
  "name": "empty_application",
  "type": "HOST",
  "platform": "Z:\\Xilinx\\Projects\\hdmi_zybo_tutorial\\pynq_try\\vitis\\platform\\export\\platform\\platform.xpfm",
  "domain": "standalone_ps7_cortexa9_0",
  "cpuInstance": "ps7_cortexa9_0",
  "cpuType": "cortex-a9",
  "os": "standalone",
  "configuration": {
    "componentType": "HOST",
    "hostToolchainConfigurations": []
  },
  "domainRealName": "standalone_ps7_cortexa9_0",
  "applicationFlow": "EMBEDDED",
  "previousBuildStatusMap": {
    "hw": "ERROR"
  }
}