{
	"version": "0.2.0",
	"configurations": [
		{
			"type": "tcf-debug",
			"request": "launch",
			"name": "hello_world_app_hw_1",
			"debugType": "baremetal-zynq",
			"attachToRunningTargetOptions": {
				"targetSetupMode": "standalone",
				"executeScript": true,
				"scriptPath": ""
			},
			"autoAttachProcessChildren": false,
			"target": {
				"targetConnectionId": "Local",
				"peersIniPath": "../../../.peers.ini",
				"context": "zynq"
			},
			"targetSetup": {
				"resetSystem": true,
				"programDevice": true,
				"resetAPU": false,
				"bitstreamFile": "${workspaceFolder}\\hello_world\\_ide\\bitstream\\design_1_wrapper.bit",
				"zynqInitialization": {
					"isFsbl": false,
					"usingFSBL": {
						"initWithFSBL": true,
						"fsblFile": "${workspaceFolder}\\platform\\export\\platform\\sw\\boot\\fsbl.elf",
						"fsblExitSymbol": "FsblHandoffJtagExit"
					},
					"usingPs7Init": {
						"runPs7Init": true,
						"runPs7PostInit": true,
						"ps7InitTclFile": "Z:\\Xilinx\\Projects\\hdmi_zybo_tutorial\\pynq_try\\vitis\\platform\\hw\\ps7_init.tcl"
					}
				},
				"downloadElf": [
					{
						"core": "ps7_cortexa9_0",
						"resetProcessor": true,
						"elfFile": "${workspaceFolder}\\hello_world\\build\\hello_world.elf",
						"stopAtEntry": false
					}
				],
				"crossTriggerBreakpoints": {
					"isSelected": false,
					"breakpoints": []
				}
			},
			"internalConsoleOptions": "openOnSessionStart"
		}
	]
}